Contributor name,Pledge MK (not supplied),Payment MK (not supplied)
Bambo ndi Mayi Raphael,,
Mayi Cathreen Zambezi,,
Mayi Phekani,,
Mayi Esther Sumani,,
Bambo ndi Mayi Nkhata,,
Bambo ndi Mayi Kanike,,
Bambo ndi Mayi Makoka,,
Bambo ndi Mayi Mwinjiro,,
Bambo ndi Mayi Mofolo,,
Mayi Phales Paul,,
Bambo ndi Mayi Haward,,
Bambo Mbewe,,
Bambo ndi Mayi Chimombo,,
Bambo ndi Mayi Rhodricks,,
Bambo ndi Mayi R Kanagwa,,
Bambo ndi Mayi Njobvuyalema,,
Mayi Mphonde,,
Bambo ndi Mayi Mwale,,
Mayi Kantwela,,
Bambo ndi Mayo Sochera,,
Bambo ndi Mayi Alafuledi,,
Bambo ndi Mayi Chavula,,
Mayi Mbingwani,,
Mayi Immaculate Maleka,,
Mayi Moto,,
Bambo ndi Mayi Tenthani,,
Bambo ndi Mayi Malata,,
Mayi Chabwera,,
Bambo ndi Mayi D Kanagwa,,
